{"cameraMode":{"drawMode":0,"name":"Shaded","section":"Shading Mode"},"sceneLighting":true,"audioPlay":false,"sceneViewState":{"m_AlwaysRefresh":false,"showFog":true,"showSkybox":true,"showFlares":true,"showImageEffects":true,"showParticleSystems":true,"showVisualEffectGraphs":true,"m_FxEnabled":true},"in2DMode":false,"pivot":{"x":4.227419376373291,"y":2.1293582916259767,"z":7.487522125244141},"rotation":{"x":-0.08763917535543442,"y":-0.15268433094024659,"z":0.013617046177387238,"w":-0.9842605590820313},"size":9.550000190734864,"orthographic":false}